elasticity_set,technology_scenario,label,description,asc_sse,max_base_year_share_error,bev_curve_type,bev_alpha,bev_k,bev_center_year,phev_alpha,phev_k,phev_center_year,gasoline_2024,diesel_2024,bev_2024,phev_2024,hev_2024,gasoline_2026,diesel_2026,bev_2026,phev_2026,hev_2026,gasoline_2030,diesel_2030,bev_2030,phev_2030,hev_2030,gasoline_2035,diesel_2035,bev_2035,phev_2035,hev_2035
conservative_fridstrom,conservative_technology,Conservative technology diffusion,Cautious BEV diffusion path below the broad European stated-policies outlook.,2.4440050994274023e-31,3.05311331771918e-16,logistic,2.1144783966644503,0.2629682111336714,2030.4105100701331,0.18,0.45,2026.5,0.2441290578570692,0.0814069687128016,0.3484319661410496,0.2324643261275292,0.0935676811615503,0.2563133526510515,0.0716012305988768,0.3699999954816478,0.2083968310786375,0.0936885901897861,0.1819959879029052,0.0527004995791844,0.5000000018352064,0.1946211611606499,0.0706823495220538,0.1245929696869743,0.0356942775956139,0.6499999983308601,0.1413210967675772,0.0483916576189744
conservative_fridstrom,central_technology,Central technology diffusion,"Main technology and infrastructure path, cautious relative to broad European stated-policies outlooks.",2.4440050994274023e-31,3.05311331771918e-16,logistic,2.9290029275028027,0.2651232915999719,2031.0518564489685,0.18,0.45,2026.5,0.2441290578570692,0.0814069687128016,0.3484319661410496,0.2324643261275292,0.0935676811615503,0.2522448855177132,0.0704647027887369,0.3799999985477205,0.2050889438805423,0.0922014692652868,0.1637963895108375,0.0474304497365791,0.5500000005576432,0.1751590454704327,0.0636141147245075,0.0889949781581754,0.0254959125139595,0.7499999993405494,0.1009436403331415,0.034565469654174
conservative_fridstrom,accelerated_technology,Accelerated technology diffusion,"Faster technology and model-availability path, still below a full 2035 zero-emission sales endpoint.",2.4440050994274023e-31,3.05311331771918e-16,logistic,3.4329184144856346,0.2757353744641448,2030.0973022191783,0.16,0.45,2026.5,0.2441290578570692,0.0814069687128016,0.3484319661410496,0.2324643261275292,0.0935676811615503,0.244749522081978,0.0683708702192137,0.399999999163566,0.1974178718121383,0.0894617367231039,0.1395700600330823,0.0404152419775556,0.6200000000761923,0.1458094383371433,0.0542052595760265,0.064833353996214,0.0185739190646926,0.8199999992474596,0.0714115840303427,0.0251811436612908
central_xing_vesterberg,conservative_technology,Conservative technology diffusion,Cautious BEV diffusion path below the broad European stated-policies outlook.,1.50094188095577e-21,3.434054429707345e-11,logistic,4.0,0.1320676017838045,2028.620269561151,0.18,0.45,2026.5,0.2441290578443592,0.0814069687471419,0.3484319661322547,0.2324643261215597,0.0935676811546844,0.2617890314892451,0.0726237109923942,0.3656030063016041,0.2019162280001954,0.0980680232165609,0.1835716501572738,0.0527881285373397,0.5023882018820184,0.1881860286958907,0.0730659907274773,0.1266093000477384,0.0360203893452081,0.6492539140903233,0.1377195837258447,0.0503968127908856
central_xing_vesterberg,central_technology,Central technology diffusion,"Main technology and infrastructure path, cautious relative to broad European stated-policies outlooks.",1.50094188095577e-21,3.434054429707345e-11,logistic,3.999999999999982,0.1855510484165616,2030.6515345538423,0.18,0.45,2026.5,0.2441290578443592,0.0814069687471419,0.3484319661322547,0.2324643261215597,0.0935676811546844,0.258357305225128,0.0716717051157825,0.3739191561905697,0.1992693591881681,0.0967824742803515,0.1648488485969023,0.0474041727113653,0.5531405208935901,0.1689925983993885,0.0656138593987537,0.0907056165446997,0.0258057790581363,0.7487179854790948,0.0986652619311694,0.0361053569868996
central_xing_vesterberg,accelerated_technology,Accelerated technology diffusion,"Faster technology and model-availability path, still below a full 2035 zero-emission sales endpoint.",1.50094188095577e-21,3.434054429707345e-11,logistic,3.999999999977524,0.2339535357289971,2029.311473384188,0.16,0.45,2026.5,0.2441290578443592,0.0814069687471419,0.3484319661322547,0.2324643261215597,0.0935676811546844,0.2509708871433662,0.0696226158587297,0.3933527248399771,0.1920383023460541,0.0940154698118728,0.1400556796745872,0.040274613289756,0.6236596817189551,0.1402644514022837,0.0557455739144176,0.0665228111643917,0.0189257626223007,0.8178040620217011,0.0702679692394883,0.026479394952118
high_response,conservative_technology,Conservative technology diffusion,Cautious BEV diffusion path below the broad European stated-policies outlook.,1.50094188095577e-21,3.434054429707345e-11,logistic,4.0,0.1422474166850252,2026.646802840625,0.18,0.45,2026.5,0.2441290578443592,0.0814069687471419,0.3484319661322547,0.2324643261215597,0.0935676811546844,0.2640318392650095,0.0732458952863351,0.3601679790879191,0.2036460914846801,0.0989081948760561,0.1824448133825382,0.0524640937288364,0.5054427436545701,0.1870308670059222,0.0726174822281329,0.1269818692401901,0.0361263854084126,0.6482217846501186,0.1381248467995224,0.0505451139017563
high_response,central_technology,Central technology diffusion,"Main technology and infrastructure path, cautious relative to broad European stated-policies outlooks.",1.50094188095577e-21,3.434054429707345e-11,logistic,3.999999999999962,0.1891269387021927,2029.622045678845,0.18,0.45,2026.5,0.2441290578443592,0.0814069687471419,0.3484319661322547,0.2324643261215597,0.0935676811546844,0.260816574849773,0.0723539387657432,0.3679595739739533,0.2011661783307385,0.0977037340797918,0.16367652204864,0.0470670567979637,0.5563183728176887,0.1677908034748278,0.0651472448608797,0.0912125943001845,0.0259500144036839,0.7473135036336653,0.0992167282564497,0.0363071594060164
high_response,accelerated_technology,Accelerated technology diffusion,"Faster technology and model-availability path, still below a full 2035 zero-emission sales endpoint.",1.50094188095577e-21,3.434054429707345e-11,logistic,3.999999994595239,0.2409935287140694,2028.7399832663384,0.16,0.45,2026.5,0.2441290578443592,0.0814069687471419,0.3484319661322547,0.2324643261215597,0.0935676811546844,0.2534540821501208,0.0703114867234959,0.3873503414492767,0.1939383974483954,0.094945692228711,0.1387880313565619,0.0399100865107314,0.6270659496588383,0.1389949134848499,0.0552410189890183,0.067318905384055,0.0191522517011988,0.8156236801266514,0.0711088826518935,0.0267962801362013
